{"cameraMode":{"drawMode":0,"name":"Shaded","section":"Shading Mode"},"sceneLighting":true,"audioPlay":false,"sceneViewState":{"m_AlwaysRefresh":false,"showFog":true,"showSkybox":true,"showFlares":true,"showImageEffects":true,"showParticleSystems":true,"showVisualEffectGraphs":true,"m_FxEnabled":true},"in2DMode":false,"pivot":{"x":-1.2852956056594849,"y":20.547748565673829,"z":1.7730789184570313},"rotation":{"x":-0.19405260682106019,"y":0.013828611001372338,"z":-0.0027391710318624975,"w":-0.980901300907135},"size":35.267433166503909,"orthographic":false}