{"cameraMode":{"drawMode":0,"name":"Shaded","section":"Shading Mode"},"sceneLighting":true,"audioPlay":false,"sceneViewState":{"m_AlwaysRefresh":false,"showFog":true,"showSkybox":true,"showFlares":true,"showImageEffects":true,"showParticleSystems":true,"showVisualEffectGraphs":true,"m_FxEnabled":true},"in2DMode":false,"pivot":{"x":-3.6816349029541017,"y":16.83089256286621,"z":-1.0977802276611329},"rotation":{"x":-0.16257572174072267,"y":0.07746614515781403,"z":-0.012807228602468968,"w":-0.9835793972015381},"size":29.940460205078126,"orthographic":false}